,first_name,last_name,pos,age,height,weight,team,from_city,from_school,photo_url
0,Andrej,Acimovic,C,20,6-10,240.0,Indiana Hoosiers,Bijeljina,,https://basketball.realgm.com/images/nba/4.2/profiles/photos/2006/Acimovic_Andrej_iu25.jpg
2,Sam,Alexis,F,21,6-9,238.0,Indiana Hoosiers,Apopka (FL),Apopka High School,https://basketball.realgm.com/images/nba/4.2/profiles/photos/2006/Alexis_Sam_chat22.jpg
5,Alijah,Arenas,F,19,6-6,195.0,USC Trojans,Chatsworth (CA),Chatsworth High School,https://basketball.realgm.com/images/nba/4.2/profiles/photos/2006/Arenas_Alijah_hs25.jpg
7,Ezra,Ausar,F,23,6-9,253.0,USC Trojans,Snellville (GA),Liberty Heights Athletic Institute,https://basketball.realgm.com/images/nba/4.2/profiles/photos/2006/Ausar_Ezra_ecu22.jpg
8,Denis,Badalau,SF,20,6-8,200.0,Rutgers Scarlet Knights,Giurgiu,,https://basketball.realgm.com/images/nba/4.2/profiles/photos/2006/Badalau_Denis_euro24.jpg
9,Reed,Bailey,F,23,6-10,232.0,Indiana Hoosiers,Harvard (MA),Brewster Academy,https://basketball.realgm.com/images/nba/4.2/profiles/photos/2006/Bailey_Reed_dav22.jpg
10,Chad,Baker-Mazara,F,26,6-7,172.0,USC Trojans,Santo Domingo,SPIRE Sports Academy,https://basketball.realgm.com/images/nba/4.2/profiles/photos/2006/Baker_Chad_duq20.jpg
11,Tavion,Banks,GF,23,6-7,200.0,Iowa Hawkeyes,Kansas City (MO),Minnesota Preparatory Academy,https://basketball.realgm.com/images/nba/4.2/profiles/photos/2006/Banks_Tavion_drake24.jpg
13,Jack,Benter,G,20,6-5,190.0,Purdue Boilermakers,Brownstown (IN),Brownstown Central High School,https://basketball.realgm.com/images/nba/4.2/profiles/photos/2006/Benter_Jack_pur24.jpg
14,Alex,Bieliauskas,F,20,6-10,238.0,Wisconsin Badgers,Kaunas,,https://basketball.realgm.com/images/nba/4.2/profiles/photos/2006/Bieliauskas_Aleksas_wisc25.jpg
15,Toni,Bilic,F,21,6-8,,Illinois Fighting Illini,Trogir,,https://basketball.realgm.com/images/nba/4.2/profiles/photos/2006/player_photo.jpg
16,Tyler,Bilodeau,F,21,6-9,235.0,UCLA Bruins,Kennewick (WA),Kennewick High School,https://basketball.realgm.com/images/nba/4.2/profiles/photos/2006/Bilodeau_Tyler_22.jpg
17,Nate,Bittle,C,22,7-0,210.0,Oregon Ducks,Central Point (OR),Prolific Prep (CA),https://basketball.realgm.com/images/nba/4.2/profiles/photos/2006/Bittle_Nate_or21.jpg
18,John,Blackwell,GF,21,6-4,203.0,Wisconsin Badgers,Bloomfield (MI),Brother Rice High School,https://basketball.realgm.com/images/nba/4.2/profiles/photos/2006/Blackwell_John_wi23.jpg
22,Justin,Bolis,F,20,6-8,225.0,Nebraska Cornhuskers,Atlanta (GA),Lincoln High School,https://basketball.realgm.com/images/nba/4.2/profiles/photos/2006/Bolis_Justin_neb24.jpg
23,Xavier,Booker,C,21,6-11,245.0,UCLA Bruins,Fishers (IN),Cathedral High School,https://basketball.realgm.com/images/nba/4.2/profiles/photos/2006/Booker_Xavier_michst23.jpg
24,Kylan,Boswell,G,20,6-2,205.0,Illinois Fighting Illini,Urbana (IL),AZ Compass Prep,https://basketball.realgm.com/images/nba/4.2/profiles/photos/2006/Boswell_Kylan_az22.jpg
25,Nick,Boyd,G,24,6-3,177.0,Wisconsin Badgers,Garnerville (NY),Don Bosco Preparatory High School,https://basketball.realgm.com/images/nba/4.2/profiles/photos/2006/Boyd_Nick_fau20.jpg
26,Jamar,Brown,F,24,6-5,200.0,UCLA Bruins,Chandler (AZ),Hamilton High School,https://basketball.realgm.com/images/nba/4.2/profiles/photos/2006/Brown_Jamar_umkc23.jpg
30,Raleigh,Burgess,C,20,6-10,225.0,Purdue Boilermakers,Cincinnati (OH),Sycamore High School,https://basketball.realgm.com/images/nba/4.2/profiles/photos/2006/Burgess_Raleigh_pur24.jpg
31,Nimari,Burnett,SG,24,6-5,200.0,Michigan Wolverines,Chicago (IL),Prolific Prep (CA),https://basketball.realgm.com/images/nba/4.2/profiles/photos/2006/Burnett_Nimari_textech20.jpg
32,Henry,Burt,F,21,6-7,222.0,Nebraska Cornhuskers,Omaha (NE),Elkhorn South High School,https://basketball.realgm.com/images/nba/4.2/profiles/photos/2006/Burt_Henry_neb22.jpg
33,Berke,Buyuktuncel,F,21,6-10,244.0,Nebraska Cornhuskers,Bursa,,https://basketball.realgm.com/images/nba/4.2/profiles/photos/2006/Buyuktuncel_Berke_ucla23.jpg
35,Elliot,Cadeau,G,21,6-1,180.0,Michigan Wolverines,West Orange (NJ),Bergen Catholic High School,https://basketball.realgm.com/images/nba/4.2/profiles/photos/2006/Cadeau_Elliot_unc23.jpg
36,Coen,Carr,F,21,6-6,225.0,Michigan State Spartans,Hampton (GA),Legacy Early College,https://basketball.realgm.com/images/nba/4.2/profiles/photos/2006/Carr_Coen_michst23.jpg
39,L.J.,Cason,G,19,6-2,190.0,Michigan Wolverines,Lakeland (FL),Victory Christian Academy,https://basketball.realgm.com/images/nba/4.2/profiles/photos/2006/Cason_LJ_mich24.jpg
40,Taison,Chatman,G,22,6-4,175.0,Ohio State Buckeyes,Minneapolis (MN),Totino-Grace High School,https://basketball.realgm.com/images/nba/4.2/profiles/photos/2006/Chatman_Taison_osu23.jpg
41,Sasa,Ciani,C,23,6-10,240.0,Penn State Nittany Lions,Sempeter-Vrtojba,,https://basketball.realgm.com/images/nba/4.2/profiles/photos/2006/Ciani_Sasa_23.jpg
43,Skyy,Clark,G,22,6-3,210.0,UCLA Bruins,Los Angeles (CA),Montverde Academy,https://basketball.realgm.com/images/nba/4.2/profiles/photos/2006/Clark_Skyy_il22.jpg
44,Desmond,Claude,F,22,6-6,203.0,Washington Huskies,Syracuse (NY),Putnam Science Academy,https://basketball.realgm.com/images/nba/4.2/profiles/photos/2006/Claude_Desmond_xav22.jpg
46,Oscar,Cluff,C,24,6-11,250.0,Purdue Boilermakers,Sunshine Coast (QLD),,https://basketball.realgm.com/images/nba/4.2/profiles/photos/2006/Cluff_Oscar_wsu23.jpg
47,Jacob,Cofie,FC,20,6-10,231.0,USC Trojans,Sammamish (WA),Eastside Catholic High School,https://basketball.realgm.com/images/nba/4.2/profiles/photos/2006/Cofie_Jacob_uva24.jpg
49,Kael,Combs,G,21,6-4,190.0,Iowa Hawkeyes,Nixa (MO),Nixa High School,https://basketball.realgm.com/images/nba/4.2/profiles/photos/2006/Combs_Kael_wy23.jpg
50,Tayton,Conerway,G,24,6-3,190.0,Indiana Hoosiers,Fort Worth (TX),Centennial High School,https://basketball.realgm.com/images/nba/4.2/profiles/photos/2006/Conerway_Tayton_troy23.jpg
51,Carson,Cooper,C,22,6-11,245.0,Michigan State Spartans,Jackson (MI),Ypsi Prep Academy,https://basketball.realgm.com/images/nba/4.2/profiles/photos/2006/Cooper_Carson_michst22.jpg
54,C.J.,Cox,PG,21,6-2,185.0,Purdue Boilermakers,Lexington (MA),Milton Academy,https://basketball.realgm.com/images/nba/4.2/profiles/photos/2006/Cox_CJ_pur24.jpg
57,Frithrik,Leo Curtis,C,21,7-1,220.0,Nebraska Cornhuskers,Reykjavik,"Cambridge Arts, Technology and Science High School",https://basketball.realgm.com/images/nba/4.2/profiles/photos/2006/Curtis_Leo_25.jpg
58,Eric,"Dailey, Jr.",F,22,6-8,230.0,UCLA Bruins,Tampa (FL),IMG Academy,https://basketball.realgm.com/images/nba/4.2/profiles/photos/2006/Dailey_Eric_osu23.jpg
59,Jake,Davis,F,21,6-6,205.0,Illinois Fighting Illini,McCordsville (IN),Cathedral High School,https://basketball.realgm.com/images/nba/4.2/profiles/photos/2006/Davis_Jake_mer23.jpg
61,Tucker,DeVries,F,23,6-7,215.0,Indiana Hoosiers,Waukee (IA),Waukee High School,https://basketball.realgm.com/images/nba/4.2/profiles/photos/2006/DeVries_Tucker_drake21.jpg
62,Guillermo,Del Pino,F,19,6-5,183.0,Maryland Terrapins,Cordoba,,https://basketball.realgm.com/images/nba/4.2/profiles/photos/2006/Delpino_Guillermo_md25.jpg
63,Ege,Demir,C,21,6-11,245.0,Oregon Ducks,Kaduna,,https://basketball.realgm.com/images/nba/4.2/profiles/photos/2006/Itunge_Demir_Ege_23.jpg
64,Donovan,Dent,G,22,6-2,185.0,UCLA Bruins,Corona (CA),Centennial High School,https://basketball.realgm.com/images/nba/4.2/profiles/photos/2006/Dent_Donovan_23nm.jpg
65,Zoom,Diallo,GF,20,6-4,185.0,Washington Huskies,Tacoma (WA),Prolific Prep (CA),https://basketball.realgm.com/images/nba/4.2/profiles/photos/2006/Diallo_Zoom_uw24.jpg
66,Amarion,Dickerson,SF,23,6-7,197.0,USC Trojans,Cleveland (OH),James Ford Rhodes High School,https://basketball.realgm.com/images/nba/4.2/profiles/photos/2006/Dickerson_Amarion_rmu24.jpg
67,Freddie,Dilione V,G,21,6-5,195.0,Penn State Nittany Lions,Fayetteville (NC),Word of God Christian Academy,https://basketball.realgm.com/images/nba/4.2/profiles/photos/2006/Dilione_Freddie_ten23.jpg
72,Gabe,Dynes,C,21,7-5,214.0,USC Trojans,Independence (KY),Simon Kenton High School,https://basketball.realgm.com/images/nba/4.2/profiles/photos/2006/Dynes_Gabe_ysu23.jpg
73,Nikola,Dzepina,F,19,6-7,,Washington Huskies,,,https://basketball.realgm.com/images/nba/4.2/profiles/photos/2006/Dzepina_Nikola_uw25.jpg
74,Jerry,Easter II,G,20,6-5,193.0,USC Trojans,Toledo (OH),Link Academy,https://basketball.realgm.com/images/nba/4.2/profiles/photos/2006/Easter_Jerry_usc25.jpg
77,Connor,Essegian,SF,22,6-4,190.0,Nebraska Cornhuskers,Albion (IN),Central Noble High School,https://basketball.realgm.com/images/nba/4.2/profiles/photos/2006/Essegian_Connor_wisc22.jpg
78,KJ,"Evans, Jr.",F,21,6-9,200.0,Oregon Ducks,Baltimore (MD),Montverde Academy,https://basketball.realgm.com/images/nba/4.2/profiles/photos/2006/Evans_Kwame_or23.jpg
80,Baye,Fall,C,22,6-11,205.0,Rutgers Scarlet Knights,Dakar,Accelerated Schools,https://basketball.realgm.com/images/nba/4.2/profiles/photos/2006/Fall_Baye_ark23.jpg
81,Jeremy,"Fears, Jr.",G,20,6-2,190.0,Michigan State Spartans,Chicago (IL),Joliet West High School,https://basketball.realgm.com/images/nba/4.2/profiles/photos/2006/Fears_Jeremy_michst23.jpg
82,Aaron,Fine,G,21,6-2,190.0,Purdue Boilermakers,Noblesville (IN),Noblesville High School,https://basketball.realgm.com/images/nba/4.2/profiles/photos/2006/Fine_Aaron_pur24.jpg
83,Alvaro,Folgueiras,PF,21,6-9,215.0,Iowa Hawkeyes,Malaga,DME Academy,https://basketball.realgm.com/images/nba/4.2/profiles/photos/2006/Folgueiras_Alvaro_rmu23.jpg
84,Trey,Fort,G,25,6-4,200.0,Michigan State Spartans,Jackson (MS),DME Academy,https://basketball.realgm.com/images/nba/4.2/profiles/photos/2006/Fort_Trey_utm20.jpg
86,Braden,Frager,F,19,6-7,220.0,Nebraska Cornhuskers,Lincoln (NE),Lincoln Southwest High School,https://basketball.realgm.com/images/nba/4.2/profiles/photos/2006/Frager_Braden_neb24.jpg
93,Roddy,"Gayle, Jr.",F,22,6-5,205.0,Michigan Wolverines,Buffalo (NY),Wasatch Academy,https://basketball.realgm.com/images/nba/4.2/profiles/photos/2006/Gayle_Roddy_osu22.jpg
96,Kaleb,Glenn,F,21,6-7,220.0,Michigan State Spartans,Louisville (KY),La Lumiere School,https://basketball.realgm.com/images/nba/4.2/profiles/photos/2006/Glenn_Kaleb_lou23.jpg
98,Oscar,Goodman,F,19,6-7,,Michigan Wolverines,Opunake,,https://basketball.realgm.com/images/nba/4.2/profiles/photos/2006/215992.png
100,Winters,Grady,F,18,6-5,185.0,Michigan Wolverines,Tualatin (OR),Prolific Prep (CA),https://basketball.realgm.com/images/nba/4.2/profiles/photos/2006/223266.png
101,Dylan,Grant,SF,21,6-8,220.0,Rutgers Scarlet Knights,Ontario (ON),Michigan Collegiate High School,https://basketball.realgm.com/images/nba/4.2/profiles/photos/2006/Grant_Dylan_rut24.jpg
105,Riccardo,Greppi,C,20,6-10,255.0,Wisconsin Badgers,Lecce,,https://basketball.realgm.com/images/nba/4.2/profiles/photos/2006/Greppi_Riccardo_wisc24.jpg
108,Mathieu,Grujicic,G,18,6-6,196.0,Ohio State Buckeyes,Berlin,,https://basketball.realgm.com/images/nba/4.2/profiles/photos/2006/Grujicic_Mathieu_euro23.jpg
110,GiCarri,Harris,G,20,6-4,185.0,Purdue Boilermakers,Grayson (GA),Grayson High School,https://basketball.realgm.com/images/nba/4.2/profiles/photos/2006/Harris_Gicarri_pur24.jpg
111,Josh,Harris,F,20,6-8,230.0,Indiana Hoosiers,Pembroke Pines (FL),Pembroke Pines Charter High School,https://basketball.realgm.com/images/nba/4.2/profiles/photos/2006/Harris_Josh_nf24.jpg
112,Brendan,Hausen,G,21,6-4,205.0,Iowa Hawkeyes,Amarillo (TX),Amarillo High School,https://basketball.realgm.com/images/nba/4.2/profiles/photos/2006/Hausen_Brendan_vil22.jpg
114,Harrison,Hochberg,F,22,6-7,220.0,Michigan Wolverines,New York (NY),Suffield Academy,https://basketball.realgm.com/images/nba/4.2/profiles/photos/2006/Hochberg_Harrison_mich23.jpg
115,Sam,Hoiberg,G,23,6-0,185.0,Nebraska Cornhuskers,Chicago (IL),Pius X High School,https://basketball.realgm.com/images/nba/4.2/profiles/photos/2006/Hoiberg_Sam_neb21.jpg
118,Isaia,Howard,F,20,6-5,200.0,Iowa Hawkeyes,Plattsburg (MO),Plattsburg High School,https://basketball.realgm.com/images/nba/4.2/profiles/photos/2006/Howard_Isaia_drake24.jpg
119,Ben,Humrichous,GF,23,6-9,225.0,Illinois Fighting Illini,Tipton (IN),Tipton High School,https://basketball.realgm.com/images/nba/4.2/profiles/photos/2006/Humrichous_Ben_ev23.jpg
121,Tomislav,Ivisic,PF,22,7-1,255.0,Illinois Fighting Illini,Vodice,,https://basketball.realgm.com/images/nba/4.2/profiles/photos/2006/Ivisic_Tomislav_22w.jpg
122,Zvonimir,Ivisic,C,22,7-2,245.0,Illinois Fighting Illini,Vodice,,https://basketball.realgm.com/images/nba/4.2/profiles/photos/2006/Ivisic_Zvonimir_21te.jpg
123,Cale,Jacobsen,G,22,6-4,195.0,Nebraska Cornhuskers,Ashland (NE),Ashland Greenwood High School,https://basketball.realgm.com/images/nba/4.2/profiles/photos/2006/Jacobsen_Cale_neb22.jpg
124,Daniel,Jacobsen,C,19,7-4,255.0,Purdue Boilermakers,Albuquerque (NM),Brewster Academy,https://basketball.realgm.com/images/nba/4.2/profiles/photos/2006/Jacobsen_Daniel_pur24.jpg
125,Jason,Jakstys,C,20,6-10,210.0,Illinois Fighting Illini,Yorkville (IL),Yorkville High School,https://basketball.realgm.com/images/nba/4.2/profiles/photos/2006/Jakstys_Jason_il24.jpg
128,Ugnius,Jarusevicius,F,22,6-11,220.0,Nebraska Cornhuskers,Alytaus,,https://basketball.realgm.com/images/nba/4.2/profiles/photos/2006/Jarusevicius_Ugnius_csub22.jpg
129,Trevin,Jirak,C,19,6-11,250.0,Iowa Hawkeyes,West Des Moines (IA),Valley High School,https://basketball.realgm.com/images/nba/4.2/profiles/photos/2006/235778.png
130,Morez,"Johnson, Jr.",F,20,6-9,235.0,Michigan Wolverines,Chicago (IL),St. Rita of Cascia High School,https://basketball.realgm.com/images/nba/4.2/profiles/photos/2006/Johnsonjr_Morez_il24.jpg
132,Puff,Johnson,SG,25,6-8,205.0,Ohio State Buckeyes,Pittsburgh (PA),Hillcrest Academy,https://basketball.realgm.com/images/nba/4.2/profiles/photos/2006/Johnson_Puff_unc20.jpg
134,Hayden,Jones,F,19,6-7,200.0,Wisconsin Badgers,Nelson,,https://basketball.realgm.com/images/nba/4.2/profiles/photos/2006/215989.png
135,Ivan,Juric,C,19,7-0,224.0,Penn State Nittany Lions,Zagreb,Sunrise Christian Academy,https://basketball.realgm.com/images/nba/4.2/profiles/photos/2006/Juric_Ivan_cro25.jpg
136,Trey,Kaufman-Renn,F,23,6-9,230.0,Purdue Boilermakers,Sellersburg (IN),Silver Creek High School,https://basketball.realgm.com/images/nba/4.2/profiles/photos/2006/Kaufmanrenn_Trey_pur21.jpg
137,Frank,Kepnang,PF,24,6-11,225.0,Washington Huskies,Yaounde,Westtown School,https://basketball.realgm.com/images/nba/4.2/profiles/photos/2006/Kepnang_Frank_or20.jpg
138,Sam,King,F,22,6-8,220.0,Purdue Boilermakers,Columbus (IN),Columbus North High School,https://basketball.realgm.com/images/nba/4.2/profiles/photos/2006/King_Sam_pur22.jpg
140,Oleksandr,Kobzystyi,F,22,6-7,,Oregon Ducks,Poltava,,https://basketball.realgm.com/images/nba/4.2/profiles/photos/2006/Kobzystyi_Oleksandr_22w.jpg
141,Cooper,Koch,F,20,6-8,215.0,Iowa Hawkeyes,Peoria (IL),Metamora Township High School,https://basketball.realgm.com/images/nba/4.2/profiles/photos/2006/Koch_Cooper_ia24.jpg
142,Jacob,Koch,G,20,6-2,180.0,Iowa Hawkeyes,Iowa City (IA),Iowa City West High School,https://basketball.realgm.com/images/nba/4.2/profiles/photos/2006/Koch_Jacob_ia24.jpg
143,Jaxon,Kohler,C,22,6-9,245.0,Michigan State Spartans,American Fork (UT),Southern California Academy of Sciences,https://basketball.realgm.com/images/nba/4.2/profiles/photos/2006/Kohler_Jaxon_michst22.jpg
144,Malick,Kordel,C,22,6-10,254.0,Michigan Wolverines,Oberhausen,,https://basketball.realgm.com/images/nba/4.2/profiles/photos/2006/220560.png
145,Tyler,Kropp,PF,19,6-9,230.0,Northwestern Wildcats,Powell (OH),Olentangy Liberty High School,https://basketball.realgm.com/images/nba/4.2/profiles/photos/2006/Kropp_Tyler_nw25.jpg
146,Jamarques,Lawrence,G,22,6-3,183.0,Nebraska Cornhuskers,Roselle (NJ),Roselle Catholic High School,https://basketball.realgm.com/images/nba/4.2/profiles/photos/2006/Lawrence_Jamarques_neb22.jpg
147,Brandon,Lee,G,19,6-4,180.0,Illinois Fighting Illini,San Juan (PR),The Patrick School,https://basketball.realgm.com/images/nba/4.2/profiles/photos/2006/Lee_Brandon_il25.jpg
148,Yaxel,Lendeborg,F,23,6-9,240.0,Michigan Wolverines,Pennsauken (NJ),Pennsauken High School,https://basketball.realgm.com/images/nba/4.2/profiles/photos/2006/Lendenborg_Yaxel_mich25.jpg
150,Wei,Lin,G,22,6-4,190.0,Oregon Ducks,Fujian,,https://basketball.realgm.com/images/nba/4.2/profiles/photos/2006/Wei_Lin_25.jpg
154,Fletcher,Loyer,GF,22,6-4,180.0,Purdue Boilermakers,Clarkston (MI),Homestead High School,https://basketball.realgm.com/images/nba/4.2/profiles/photos/2006/Loyer_Fletcher_pur22.jpg
155,Jack,Lusk,G,21,6-4,195.0,Purdue Boilermakers,Omaha (NE),Elkhorn High School,https://basketball.realgm.com/images/nba/4.2/profiles/photos/2006/Lusk_Jack_pur24.jpg
156,J.J.,Mandaquit,G,18,6-1,190.0,Washington Huskies,Honolulu (HI),Utah Prep Academy,https://basketball.realgm.com/images/nba/4.2/profiles/photos/2006/Mandaquit_JJ_usa25.jpg
158,Cam,Manyawu,F,20,6-8,230.0,Iowa Hawkeyes,Kansas City (MO),Staley High School,https://basketball.realgm.com/images/nba/4.2/profiles/photos/2006/Manyawu_Cam_wy23.jpg
159,Aday,Mara,C,21,7-3,240.0,Michigan Wolverines,Zaragoza,,https://basketball.realgm.com/images/nba/4.2/profiles/photos/2006/Gomez_Adaymara_ucla23.jpg
162,Nick,Martinelli,F,21,6-7,225.0,Northwestern Wildcats,Glenview (IL),Glenbrook South High School,https://basketball.realgm.com/images/nba/4.2/profiles/photos/2006/Martinelli_Nick_nw22.jpg
163,Rienk,Mast,C,24,6-10,250.0,Nebraska Cornhuskers,Groningen,,https://basketball.realgm.com/images/nba/4.2/profiles/photos/2006/Johannes_Rienk_brad19.jpg
164,Joey,Matteoni,F,20,6-9,215.0,Iowa Hawkeyes,Overland Park (KS),Blue Valley Northwest High School,https://basketball.realgm.com/images/nba/4.2/profiles/photos/2006/Matteoni_Joey_dra24.jpg
166,Omer,Mayer,G,19,6-4,215.0,Purdue Boilermakers,Tel Aviv,,https://basketball.realgm.com/images/nba/4.2/profiles/photos/2006/Mayer_Omar_is24.jpg
167,Peyton,McCollum,G,19,6-2,170.0,Iowa Hawkeyes,Maryville (MO),Northwest High School,https://basketball.realgm.com/images/nba/4.2/profiles/photos/2006/McCollum_Peyton_iowa25.jpg
168,Jesse,McCulloch,C,20,6-10,240.0,Michigan State Spartans,Cleveland (OH),Lutheran High School East,https://basketball.realgm.com/images/nba/4.2/profiles/photos/2006/McCulloch_Jesse_msu24.jpg
169,Trey,McKenney,F,19,6-4,225.0,Michigan Wolverines,Flint (MI),Orchard Lake St. Mary's High School,https://basketball.realgm.com/images/nba/4.2/profiles/photos/2006/201495.png
174,David,Mirkovic,PF,20,6-9,255.0,Illinois Fighting Illini,Niksic,,https://basketball.realgm.com/images/nba/4.2/profiles/photos/2006/Mirkovic_David_eur25.jpg
175,Tibor,Mirtic,F,23,6-9,255.0,Penn State Nittany Lions,Maribor,,https://basketball.realgm.com/images/nba/4.2/profiles/photos/2006/Mirtic_Tibor_esp25.jpg
176,Juni,"Mobley, Jr.",G,20,6-1,175.0,Ohio State Buckeyes,Reynoldsburg (OH),Wasatch Academy,https://basketball.realgm.com/images/nba/4.2/profiles/photos/2006/Mobley_John_osu24.jpg
179,Liam,Murphy,F,23,6-7,220.0,Purdue Boilermakers,Staten Island (NY),St. Peter's Boys High School,https://basketball.realgm.com/images/nba/4.2/profiles/photos/2006/Murphy_Liam_col21.jpg
181,E.J.,Neal,SG,25,6-5,200.0,USC Trojans,San Francisco (CA),AZ Compass Prep,https://basketball.realgm.com/images/nba/4.2/profiles/photos/2006/Neal_EJ_id23.jpg
182,Christian,Nitu,C,20,6-11,220.0,Washington Huskies,Whitby (ON),Fort Erie International Academy,https://basketball.realgm.com/images/nba/4.2/profiles/photos/2006/Nitu_Christian_fsu24.jpg
183,Ivan,Njegovan,C,21,7-1,250.0,Ohio State Buckeyes,Otocac,,https://basketball.realgm.com/images/nba/4.2/profiles/photos/2006/Njegovan_Ivan_osu24.jpg
185,Chris,Nwuli,F,19,6-8,205.0,Rutgers Scarlet Knights,Las Vegas (NV),Dynamic Prep,https://basketball.realgm.com/images/nba/4.2/profiles/photos/2006/Nwuli_Chris_25.jpg
188,Jacob,Ognacevic,F,24,6-8,220.0,Washington Huskies,Sheboygan (WI),Sheboygan Lutheran High School,https://basketball.realgm.com/images/nba/4.2/profiles/photos/2006/Ognacevic_Jacob_valpo20.jpg
189,Josh,Ojianwuna,FC,22,6-10,230.0,Ohio State Buckeyes,Asaba,NBA Global Academy,https://basketball.realgm.com/images/nba/4.2/profiles/photos/2006/Ojianwuna_Joshua_bay22.jpg
190,B.J.,Omot,F,22,6-8,195.0,Minnesota Golden Gophers,Mankato (MN),Mankato East High School,https://basketball.realgm.com/images/nba/4.2/profiles/photos/2006/Omot_BJ_und22.jpg
191,Arrinten,Page,FC,21,6-11,245.0,Northwestern Wildcats,Marietta (GA),Joseph Wheeler High School,https://basketball.realgm.com/images/nba/4.2/profiles/photos/2006/Page_Arrinten_usc23.jpg
192,Rakease,Passmore,SG,20,6-5,185.0,Maryland Terrapins,Palatka (FL),COMBINE Academy,https://basketball.realgm.com/images/nba/4.2/profiles/photos/2006/Passmore_Rakease_ku24.jpg
193,Pharrel,Payne,C,21,6-9,250.0,Maryland Terrapins,Cottage Grove (MN),Park High School,https://basketball.realgm.com/images/nba/4.2/profiles/photos/2006/Payne_Pharrel_mn22.jpg
195,Trent,Perry,G,21,6-4,190.0,UCLA Bruins,Los Angeles (CA),Harvard-Westlake School,https://basketball.realgm.com/images/nba/4.2/profiles/photos/2006/Perry_Trent_ucla24.jpg
197,Mihajlo,Petrovic,PG,23,6-3,180.0,Illinois Fighting Illini,Prokuplje,,https://basketball.realgm.com/images/nba/4.2/profiles/photos/2006/Petrovic_Mihailo_25.jpg
198,Jamari,Phillips,SG,20,6-3,195.0,Oregon Ducks,Oakland (CA),Dream City Christian School,https://basketball.realgm.com/images/nba/4.2/profiles/photos/2006/Phillips_Jamari_or24.jpg
200,Devon,Pryor,F,21,6-7,185.0,Oregon Ducks,Houston (TX),PSAT Academy,https://basketball.realgm.com/images/nba/4.2/profiles/photos/2006/Pryor_Devon_ut23.jpg
201,Austin,Rapp,F,20,6-10,238.0,Wisconsin Badgers,East Melbourne (VIC),,https://basketball.realgm.com/images/nba/4.2/profiles/photos/2006/Rapp_Austin_por24.jpg
202,Jordan,Rayford,F,22,6-5,210.0,Indiana Hoosiers,Washington (DC),Phillips Academy,https://basketball.realgm.com/images/nba/4.2/profiles/photos/2006/Rayford_Jordan_af22.jpg
203,Jace,Rayl,G,21,5-11,170.0,Purdue Boilermakers,Kokomo (IN),Kokomo High School,https://basketball.realgm.com/images/nba/4.2/profiles/photos/2006/Rayl_Jace_pur23.jpg
204,A.J.,Redd,G,22,6-3,170.0,Illinois Fighting Illini,Chicago (IL),St. Ignatius College Prep,https://basketball.realgm.com/images/nba/4.2/profiles/photos/2006/Redd_AJ_il23.jpg
206,Jayden,Reid,G,21,5-10,160.0,Northwestern Wildcats,Freeport (NY),Long Island Lutheran High School,https://basketball.realgm.com/images/nba/4.2/profiles/photos/2006/Reid_Jayden_usf23.jpg
211,Myles,Rice,G,23,6-3,185.0,Maryland Terrapins,Tyrone (GA),Sandy Creek High School,https://basketball.realgm.com/images/nba/4.2/profiles/photos/2006/Rice_Myles_wsu21.jpg
213,Aleksa,Ristic,PG,20,6-3,200.0,Indiana Hoosiers,Nis,,https://basketball.realgm.com/images/nba/4.2/profiles/photos/2006/200185.png
215,Ty,Rodgers,G,21,6-6,210.0,Illinois Fighting Illini,Saginaw (MI),Thornton Township High School,https://basketball.realgm.com/images/nba/4.2/profiles/photos/2006/Rodgers_Ty_il22.jpg
216,Andrew,Rohde,SF,22,6-6,195.0,Wisconsin Badgers,Milwaukee (WI),Brookfield Central High School,https://basketball.realgm.com/images/nba/4.2/profiles/photos/2006/Rohde_Andrew_st22.jpg
218,Devin,Royal,F,21,6-6,220.0,Ohio State Buckeyes,Pickerington (OH),Pickerington High School Central,https://basketball.realgm.com/images/nba/4.2/profiles/photos/2006/Royal_Devin_osu23.jpg
219,Tate,Sage,F,19,6-7,200.0,Iowa Hawkeyes,Weatherford (OK),Weatherford High School,https://basketball.realgm.com/images/nba/4.2/profiles/photos/2006/249630.png
220,Nick,Sanders,G,22,5-10,185.0,Michigan State Spartans,Franklin (MI),Detroit Country Day School,https://basketball.realgm.com/images/nba/4.2/profiles/photos/2006/Sanders_Nick_msu22.jpg
221,Pryce,Sandfort,SF,21,6-6,206.0,Nebraska Cornhuskers,Waukee (IA),Northwest High School,https://basketball.realgm.com/images/nba/4.2/profiles/photos/2006/Sandfort_Pryce_ia23.jpg
222,Elijah,Saunders,F,22,6-8,240.0,Maryland Terrapins,Phoenix (AZ),Sunnyslope High School,https://basketball.realgm.com/images/nba/4.2/profiles/photos/2006/Saunders_Elijah_sdsu23.jpg
223,Jordan,Scott,F,19,6-7,190.0,Michigan State Spartans,Reston (VA),South Lakes High School,https://basketball.realgm.com/images/nba/4.2/profiles/photos/2006/Scott_Jordan_michst25.jpg
225,Jackson,Shelstad,G,20,6-0,170.0,Oregon Ducks,West Linn (OR),West Linn High School,https://basketball.realgm.com/images/nba/4.2/profiles/photos/2006/Shelstad_Jackson_or23.jpg
231,Braden,Smith,PG,22,6-0,175.0,Purdue Boilermakers,Westfield (IN),Westfield High School,https://basketball.realgm.com/images/nba/4.2/profiles/photos/2006/Smith_Braden_pur22.jpg
232,Drew,Snively,G,19,6-5,190.0,Indiana Hoosiers,Zionsville (IN),Zionsville High School,https://basketball.realgm.com/images/nba/4.2/profiles/photos/2006/Snively_Drew_iu25.jpg
236,Hannes,Steinbach,F,19,6-11,180.0,Washington Huskies,Wurzburg,,https://basketball.realgm.com/images/nba/4.2/profiles/photos/2006/Steinbach_Hannes_eur25.jpg
238,Ian,Stephens,F,21,6-5,175.0,Indiana Hoosiers,New Palestine (IN),New Palestine High School,https://basketball.realgm.com/images/nba/4.2/profiles/photos/2006/Stephens_Ian_in23.jpg
241,Sean,Stewart,F,21,6-9,230.0,Oregon Ducks,Orlando (FL),Montverde Academy,https://basketball.realgm.com/images/nba/4.2/profiles/photos/2006/Stewart_Sean_duke23.jpg
242,Bennett,Stirtz,G,22,6-4,180.0,Iowa Hawkeyes,Liberty (MO),Liberty High School,https://basketball.realgm.com/images/nba/4.2/profiles/photos/2006/Stirtz_Bennett_ia25.jpg
243,Andrej,Stojakovic,F,21,6-7,205.0,Illinois Fighting Illini,Thessaloniki,Jesuit High School,https://basketball.realgm.com/images/nba/4.2/profiles/photos/2006/Stojakovic_Andrej_stan23.jpg
244,Kur,Teng,G,20,6-4,190.0,Michigan State Spartans,Manchester (NH),Bradford Christian Academy,https://basketball.realgm.com/images/nba/4.2/profiles/photos/2006/Teng_Kur_msu24.jpg
245,Trey,Thompson,F,18,6-8,220.0,Iowa Hawkeyes,Greeneville (TN),Greeneville High School,https://basketball.realgm.com/images/nba/4.2/profiles/photos/2006/Thompson_Trey_ia25.jpg
246,Bruce,Thornton,G,22,6-2,215.0,Ohio State Buckeyes,Alpharetta (GA),Milton High School,https://basketball.realgm.com/images/nba/4.2/profiles/photos/2006/Thornton_Bruce_osu22.jpg
247,Christoph,Tilly,C,23,7-0,240.0,Ohio State Buckeyes,Berlin,,https://basketball.realgm.com/images/nba/4.2/profiles/photos/2006/Tilly_Christoph_sc22.jpg
248,Mady,Traore,C,22,6-11,195.0,Washington Huskies,Fresnes,Believe Prep,https://basketball.realgm.com/images/nba/4.2/profiles/photos/2006/Traore_Mady_nmst23.jpg
249,Will,Tschetter,PF,23,6-8,230.0,Michigan Wolverines,Stewartville (MN),Stewartville High School,https://basketball.realgm.com/images/nba/4.2/profiles/photos/2006/Tschetter_Will_mich21.jpg
250,Bryson,Tucker,F,19,6-7,180.0,Washington Huskies,Bowie (MD),Mount Saint Joseph College,https://basketball.realgm.com/images/nba/4.2/profiles/photos/2006/Tucker_Bryson_iu24.jpg
251,Emre,Melih Tunca,G,20,6-5,,Penn State Nittany Lions,Istanbul,,https://basketball.realgm.com/images/nba/4.2/profiles/photos/2006/215732.png
254,Cade,Tyson,GF,22,6-7,200.0,Minnesota Golden Gophers,Monroe (NC),Carmel Christian School,https://basketball.realgm.com/images/nba/4.2/profiles/photos/2006/Tyson_Cade_bel22.jpg
257,Efe,Vatan,PF,21,6-10,,Oregon Ducks,Istanbul,,https://basketball.realgm.com/images/nba/4.2/profiles/photos/2006/Vatan_Efe_or25.jpg
258,Keaton,Wagler,SG,19,6-6,180.0,Illinois Fighting Illini,Shawnee (KS),Shawnee Mission Northwest High School,https://basketball.realgm.com/images/nba/4.2/profiles/photos/2006/Wagler_Keaton_il25.jpg
259,Brennan,Walton,F,19,6-7,220.0,Michigan State Spartans,Okemos (MI),Okemos High School,https://basketball.realgm.com/images/nba/4.2/profiles/photos/2006/Walton_Brennan_msu24.jpg
260,Colin,Walton,F,19,6-8,225.0,Michigan State Spartans,Okemos (MI),Okemos High School,https://basketball.realgm.com/images/nba/4.2/profiles/photos/2006/Walton_Colin_msu24.jpg
261,Cam,Ward,F,19,6-8,225.0,Michigan State Spartans,Upper Marlboro (MD),Largo High School,https://basketball.realgm.com/images/nba/4.2/profiles/photos/2006/216252.png
263,Solomon,Washington,F,23,6-7,220.0,Maryland Terrapins,New Orleans (LA),Carver High School,https://basketball.realgm.com/images/nba/4.2/profiles/photos/2006/Washington_Solomon_txam22.jpg
266,Antione,"West, Jr.",F,19,6-3,175.0,Purdue Boilermakers,Toledo (OH),Whitmer High School,https://basketball.realgm.com/images/nba/4.2/profiles/photos/2006/West_Antoine_pur25.jpg
268,Lamar,Wilkerson,F,24,6-6,206.0,Indiana Hoosiers,Ashdown (AR),Ashdown High School,https://basketball.realgm.com/images/nba/4.2/profiles/photos/2006/Wilkerson_Lamar_sh22.jpg
269,Terrance,Williams II,GF,25,6-7,235.0,USC Trojans,Washington (DC),Gonzaga College High School,https://basketball.realgm.com/images/nba/4.2/profiles/photos/2006/Williams_Terrance_mich20.jpg
270,Brandon,Williams,F,20,6-7,230.0,UCLA Bruins,Long Island City (NY),Christ the King,https://basketball.realgm.com/images/nba/4.2/profiles/photos/2006/Williams_Brandon_ucla23.jpg
272,K.J.,"Windham, Jr.",G,21,6-3,190.0,Northwestern Wildcats,Indianapolis (IN),Ben Davis High School,https://basketball.realgm.com/images/nba/4.2/profiles/photos/2006/Windham_KJ_nw24.jpg
273,Nolan,Winter,C,20,7-0,235.0,Wisconsin Badgers,Lakeville (MN),Lakeville North High School,https://basketball.realgm.com/images/nba/4.2/profiles/photos/2006/Winter_Nolan_wi23.jpg
276,Wesley,Yates III,G,21,6-4,200.0,Washington Huskies,Beaumont (TX),Beaumont United High School,https://basketball.realgm.com/images/nba/4.2/profiles/photos/2006/Yates_Wesley_udub23.jpg
277,Harun,Zrno,SG,22,6-7,220.0,Rutgers Scarlet Knights,Sarajevo,,https://basketball.realgm.com/images/nba/4.2/profiles/photos/2006/Zrno_Harun_25.jpg
